{
  "_fv": 57,
  "_type": "tag",
  "definition": {
    "type": "Items",
    "items": [
      {
        "value": "Blocks.TUBE_CORAL"
      },
      {
        "value": "Blocks.BRAIN_CORAL"
      },
      {
        "value": "Blocks.BUBBLE_CORAL"
      },
      {
        "value": "Blocks.FIRE_CORAL"
      },
      {
        "value": "Blocks.HORN_CORAL"
      }
    ],
    "blocks": [],
    "functions": [],
    "entities": [],
    "biomes": [],
    "damageTypes": [],
    "name": "corals",
    "namespace": "mod"
  }
}