{
  "_fv": 57,
  "_type": "achievement",
  "definition": {
    "achievementName": "Up And Away",
    "achievementDescription": "Drink a Tincture of Levitation",
    "achievementIcon": {
      "value": "CUSTOM:FTTLevitationTincture"
    },
    "background": "Default",
    "disableDisplay": false,
    "showPopup": true,
    "announceToChat": true,
    "hideIfNotCompleted": false,
    "rewardLoot": [],
    "rewardRecipes": [],
    "rewardFunction": "No function",
    "rewardXP": 0,
    "achievementType": "goal",
    "parent": {
      "value": "CUSTOM:FloralTonicsAndTincturesAdvancement"
    },
    "triggerxml": "<xml xmlns=\"https://developers.google.com/blockly/xml\"><block type=\"item_consumed\" x=\"96\" y=\"112\"><value name=\"item\"><block type=\"mcitem_all\"><field name=\"value\">CUSTOM:FTTLevitationTincture</field></block></value><next><block type=\"advancement_trigger\" deletable=\"false\"></block></next></block></xml>"
  }
}