{
  "_fv": 57,
  "_type": "achievement",
  "definition": {
    "achievementName": "Let's Be Hasty",
    "achievementDescription": "Drink a Tonic of Haste",
    "achievementIcon": {
      "value": "CUSTOM:FTTHasteTonic"
    },
    "background": "Default",
    "disableDisplay": false,
    "showPopup": true,
    "announceToChat": true,
    "hideIfNotCompleted": false,
    "rewardLoot": [],
    "rewardRecipes": [],
    "rewardFunction": "No function",
    "rewardXP": 0,
    "achievementType": "goal",
    "parent": {
      "value": "CUSTOM:FloralTonicsAndTincturesAdvancement"
    },
    "triggerxml": "<xml xmlns=\"https://developers.google.com/blockly/xml\"><block type=\"item_consumed\" x=\"52\" y=\"11\"><value name=\"item\"><block type=\"mcitem_all\"><field name=\"value\">CUSTOM:FTTHasteTonic</field></block></value><next><block type=\"advancement_trigger\" deletable=\"false\"></block></next></block></xml>"
  }
}