{
  "_fv": 57,
  "_type": "gui",
  "definition": {
    "type": 1,
    "width": 178,
    "height": 193,
    "inventoryOffsetX": 0,
    "inventoryOffsetY": 16,
    "renderBgLayer": true,
    "doesPauseGame": false,
    "components": [
      {
        "type": "label",
        "data": {
          "name": "label_herbalism_kit",
          "text": {
            "fixedValue": "Herbalism Kit"
          },
          "color": {
            "value": -12829636,
            "falpha": 0.0
          },
          "x": 132,
          "y": 30
        }
      },
      {
        "type": "label",
        "data": {
          "name": "label_inventory",
          "text": {
            "fixedValue": "Inventory"
          },
          "color": {
            "value": -12829636,
            "falpha": 0.0
          },
          "x": 132,
          "y": 126
        }
      },
      {
        "type": "image",
        "data": {
          "image": "bowl2.png",
          "use1Xscale": true,
          "x": 203,
          "y": 94
        }
      },
      {
        "type": "image",
        "data": {
          "image": "arrow.png",
          "use1Xscale": true,
          "x": 183,
          "y": 100
        }
      },
      {
        "type": "image",
        "data": {
          "image": "arrow.png",
          "use1Xscale": true,
          "x": 233,
          "y": 98
        }
      },
      {
        "type": "inputslot",
        "data": {
          "inputLimit": {
            "value": "TAG:forge:tonic_ingredients"
          },
          "disablePlacement": {
            "fixedValue": false
          },
          "id": 0,
          "disablePickup": {
            "fixedValue": false
          },
          "dropItemsWhenNotBound": true,
          "x": 132,
          "y": 44
        }
      },
      {
        "type": "inputslot",
        "data": {
          "inputLimit": {
            "value": "TAG:forge:tonic_ingredients"
          },
          "disablePlacement": {
            "fixedValue": false
          },
          "id": 1,
          "disablePickup": {
            "fixedValue": false
          },
          "dropItemsWhenNotBound": true,
          "x": 150,
          "y": 44
        }
      },
      {
        "type": "inputslot",
        "data": {
          "inputLimit": {
            "value": "TAG:forge:tonic_ingredients"
          },
          "disablePlacement": {
            "fixedValue": false
          },
          "id": 2,
          "disablePickup": {
            "fixedValue": false
          },
          "dropItemsWhenNotBound": true,
          "x": 168,
          "y": 44
        }
      },
      {
        "type": "inputslot",
        "data": {
          "inputLimit": {
            "value": "TAG:forge:tonic_ingredients"
          },
          "disablePlacement": {
            "fixedValue": false
          },
          "id": 3,
          "disablePickup": {
            "fixedValue": false
          },
          "dropItemsWhenNotBound": true,
          "x": 186,
          "y": 44
        }
      },
      {
        "type": "inputslot",
        "data": {
          "inputLimit": {
            "value": "TAG:forge:tonic_ingredients"
          },
          "disablePlacement": {
            "fixedValue": false
          },
          "id": 4,
          "disablePickup": {
            "fixedValue": false
          },
          "dropItemsWhenNotBound": true,
          "x": 204,
          "y": 44
        }
      },
      {
        "type": "inputslot",
        "data": {
          "inputLimit": {
            "value": "TAG:forge:tonic_ingredients"
          },
          "disablePlacement": {
            "fixedValue": false
          },
          "id": 5,
          "disablePickup": {
            "fixedValue": false
          },
          "dropItemsWhenNotBound": true,
          "x": 222,
          "y": 44
        }
      },
      {
        "type": "inputslot",
        "data": {
          "inputLimit": {
            "value": "TAG:forge:tonic_ingredients"
          },
          "disablePlacement": {
            "fixedValue": false
          },
          "id": 6,
          "disablePickup": {
            "fixedValue": false
          },
          "dropItemsWhenNotBound": true,
          "x": 240,
          "y": 44
        }
      },
      {
        "type": "inputslot",
        "data": {
          "inputLimit": {
            "value": "TAG:forge:tonic_ingredients"
          },
          "disablePlacement": {
            "fixedValue": false
          },
          "id": 7,
          "disablePickup": {
            "fixedValue": false
          },
          "dropItemsWhenNotBound": true,
          "x": 258,
          "y": 44
        }
      },
      {
        "type": "inputslot",
        "data": {
          "inputLimit": {
            "value": "TAG:forge:tonic_ingredients"
          },
          "disablePlacement": {
            "fixedValue": false
          },
          "id": 8,
          "disablePickup": {
            "fixedValue": false
          },
          "dropItemsWhenNotBound": true,
          "x": 276,
          "y": 44
        }
      },
      {
        "type": "inputslot",
        "data": {
          "inputLimit": {
            "value": "TAG:floral_tonics_and_tinctures:tonics"
          },
          "disablePlacement": {
            "fixedValue": false
          },
          "id": 9,
          "disablePickup": {
            "fixedValue": false
          },
          "dropItemsWhenNotBound": true,
          "x": 132,
          "y": 62
        }
      },
      {
        "type": "inputslot",
        "data": {
          "inputLimit": {
            "value": "TAG:floral_tonics_and_tinctures:tonics"
          },
          "disablePlacement": {
            "fixedValue": false
          },
          "id": 10,
          "disablePickup": {
            "fixedValue": false
          },
          "dropItemsWhenNotBound": true,
          "x": 150,
          "y": 62
        }
      },
      {
        "type": "inputslot",
        "data": {
          "inputLimit": {
            "value": "TAG:floral_tonics_and_tinctures:tonics"
          },
          "disablePlacement": {
            "fixedValue": false
          },
          "id": 11,
          "disablePickup": {
            "fixedValue": false
          },
          "dropItemsWhenNotBound": true,
          "x": 168,
          "y": 62
        }
      },
      {
        "type": "inputslot",
        "data": {
          "inputLimit": {
            "value": "TAG:floral_tonics_and_tinctures:tonics"
          },
          "disablePlacement": {
            "fixedValue": false
          },
          "id": 12,
          "disablePickup": {
            "fixedValue": false
          },
          "dropItemsWhenNotBound": true,
          "x": 186,
          "y": 62
        }
      },
      {
        "type": "inputslot",
        "data": {
          "inputLimit": {
            "value": "TAG:floral_tonics_and_tinctures:tonics"
          },
          "disablePlacement": {
            "fixedValue": false
          },
          "id": 13,
          "disablePickup": {
            "fixedValue": false
          },
          "dropItemsWhenNotBound": true,
          "x": 204,
          "y": 62
        }
      },
      {
        "type": "inputslot",
        "data": {
          "inputLimit": {
            "value": "TAG:floral_tonics_and_tinctures:tonics"
          },
          "disablePlacement": {
            "fixedValue": false
          },
          "id": 14,
          "disablePickup": {
            "fixedValue": false
          },
          "dropItemsWhenNotBound": true,
          "x": 222,
          "y": 62
        }
      },
      {
        "type": "inputslot",
        "data": {
          "inputLimit": {
            "value": "TAG:floral_tonics_and_tinctures:tonics"
          },
          "disablePlacement": {
            "fixedValue": false
          },
          "id": 15,
          "disablePickup": {
            "fixedValue": false
          },
          "dropItemsWhenNotBound": true,
          "x": 240,
          "y": 62
        }
      },
      {
        "type": "inputslot",
        "data": {
          "inputLimit": {
            "value": "Items.SUGAR"
          },
          "disablePlacement": {
            "fixedValue": false
          },
          "id": 16,
          "disablePickup": {
            "fixedValue": false
          },
          "dropItemsWhenNotBound": true,
          "x": 258,
          "y": 62
        }
      },
      {
        "type": "inputslot",
        "data": {
          "inputLimit": {
            "value": "Items.SPIDER_EYE"
          },
          "disablePlacement": {
            "fixedValue": false
          },
          "id": 17,
          "disablePickup": {
            "fixedValue": false
          },
          "dropItemsWhenNotBound": true,
          "x": 276,
          "y": 62
        }
      },
      {
        "type": "inputslot",
        "data": {
          "inputLimit": {
            "value": "TAG:forge:tonic_additives"
          },
          "disablePlacement": {
            "fixedValue": false
          },
          "id": 18,
          "disablePickup": {
            "fixedValue": false
          },
          "dropItemsWhenNotBound": true,
          "x": 159,
          "y": 89
        }
      },
      {
        "type": "inputslot",
        "data": {
          "inputLimit": {
            "value": ""
          },
          "disablePlacement": {
            "fixedValue": false
          },
          "id": 19,
          "disablePickup": {
            "fixedValue": false
          },
          "dropItemsWhenNotBound": true,
          "x": 141,
          "y": 89
        }
      },
      {
        "type": "inputslot",
        "data": {
          "inputLimit": {
            "value": "Items.GLASS_BOTTLE"
          },
          "disablePlacement": {
            "fixedValue": false
          },
          "id": 20,
          "disablePickup": {
            "fixedValue": false
          },
          "dropItemsWhenNotBound": true,
          "x": 150,
          "y": 107
        }
      },
      {
        "type": "outputslot",
        "data": {
          "id": 21,
          "disablePickup": {
            "fixedValue": false
          },
          "dropItemsWhenNotBound": false,
          "onTakenFromSlot": {
            "name": "HerbalismTableItemTakenFromOutputSlot"
          },
          "x": 259,
          "y": 99
        }
      },
      {
        "type": "image",
        "data": {
          "image": "bottle.png",
          "use1Xscale": false,
          "displayCondition": {
            "name": "BottleIconGUIDisplay"
          },
          "x": 151,
          "y": 109
        }
      },
      {
        "type": "image",
        "data": {
          "image": "bottle.png",
          "use1Xscale": false,
          "displayCondition": {
            "name": "BottleIconSlot9"
          },
          "x": 133,
          "y": 64
        }
      },
      {
        "type": "image",
        "data": {
          "image": "sugaricon.png",
          "use1Xscale": false,
          "displayCondition": {
            "name": "SugarIconSlot16"
          },
          "x": 259,
          "y": 64
        }
      },
      {
        "type": "image",
        "data": {
          "image": "spidereyeicon.png",
          "use1Xscale": false,
          "displayCondition": {
            "name": "SpiderEyeIconSlot17"
          },
          "x": 278,
          "y": 63
        }
      },
      {
        "type": "image",
        "data": {
          "image": "flowericon.png",
          "use1Xscale": false,
          "displayCondition": {
            "name": "FlowerIconSlot0"
          },
          "x": 133,
          "y": 45
        }
      }
    ],
    "onTick": {
      "name": "HerbalismTableGUIWhileThisGUIIsOpenTick"
    },
    "gridSettings": {
      "sx": 18,
      "sy": 18,
      "ox": 11,
      "oy": 15,
      "snapOnGrid": false
    }
  }
}