{
  "_fv": 57,
  "_type": "tag",
  "definition": {
    "type": "Items",
    "items": [
      {
        "value": "CUSTOM:FTTFireResistanceTonic"
      },
      {
        "value": "CUSTOM:FTTInvisibility"
      },
      {
        "value": "CUSTOM:FTTSwiftness"
      },
      {
        "value": "CUSTOM:FTTRegen"
      },
      {
        "value": "CUSTOM:FTTNightVisionTonic"
      },
      {
        "value": "CUSTOM:FTTLeapingTonic"
      },
      {
        "value": "CUSTOM:FTTWaterBreathingTonic"
      },
      {
        "value": "CUSTOM:FTTWeaknessTincture"
      },
      {
        "value": "CUSTOM:FTTSlownessTincture"
      },
      {
        "value": "CUSTOM:FTTPoisonTincture"
      },
      {
        "value": "CUSTOM:FTTDecayTincture"
      },
      {
        "value": "CUSTOM:FTTBlindnessTincture"
      },
      {
        "value": "CUSTOM:FTTLuckTonic"
      },
      {
        "value": "CUSTOM:FTTStrengthTonic"
      },
      {
        "value": "CUSTOM:FTTSlowFallingTonic"
      },
      {
        "value": "CUSTOM:FTTLevitationTincture"
      },
      {
        "value": "CUSTOM:FTTDolphinsGraceTonic"
      },
      {
        "value": "CUSTOM:FTTGlowingTonic"
      },
      {
        "value": "CUSTOM:FTTHasteTonic"
      },
      {
        "value": "CUSTOM:FTTPricklyTonic"
      },
      {
        "value": "CUSTOM:FTTNauseaTincture"
      },
      {
        "value": "CUSTOM:FTTSpellDamageTonic"
      },
      {
        "value": "CUSTOM:FTTManaRegenTonic"
      },
      {
        "value": "CUSTOM:FTTDeepsightTonic"
      },
      {
        "value": "CUSTOM:FTTBugPheromonesTonic"
      },
      {
        "value": "CUSTOM:FTTRageTonic"
      },
      {
        "value": "CUSTOM:FTTKnockbackResistanceTonic"
      },
      {
        "value": "CUSTOM:FTTIntoxicationTincture"
      },
      {
        "value": "CUSTOM:FTTRampageTonic"
      },
      {
        "value": "CUSTOM:FTTArmorTonic"
      },
      {
        "value": "CUSTOM:FTTDamageTonic"
      },
      {
        "value": "CUSTOM:FTTPintCharisma"
      },
      {
        "value": "CUSTOM:FTTHealingTouch"
      },
      {
        "value": "CUSTOM:FTTToxicTouch"
      },
      {
        "value": "CUSTOM:FTTProtectionOfTheHive"
      },
      {
        "value": "CUSTOM:FTTPurifyingTonic"
      },
      {
        "value": "Items.GLASS_BOTTLE"
      }
    ],
    "blocks": [],
    "functions": [],
    "entities": [],
    "biomes": [],
    "damageTypes": [],
    "name": "tonics",
    "namespace": "mod"
  }
}