{
  "_fv": 57,
  "_type": "tag",
  "definition": {
    "type": "Items",
    "items": [
      {
        "value": "TAG:minecraft:flowers"
      },
      {
        "value": "Blocks.WATERLILY"
      },
      {
        "value": "Blocks.WARPED_FUNGUS"
      },
      {
        "value": "Blocks.CRIMSON_FUNGUS"
      },
      {
        "value": "Blocks.TUBE_CORAL"
      },
      {
        "value": "Blocks.BRAIN_CORAL"
      },
      {
        "value": "Blocks.BUBBLE_CORAL"
      },
      {
        "value": "Blocks.FIRE_CORAL"
      },
      {
        "value": "Blocks.HORN_CORAL"
      },
      {
        "value": "Blocks.CHORUS_FLOWER"
      },
      {
        "value": "Blocks.CACTUS"
      },
      {
        "value": "Blocks.GLOW_LICHEN"
      },
      {
        "value": "Blocks.SPONGE#0"
      },
      {
        "value": "Blocks.SPONGE#1"
      }
    ],
    "blocks": [],
    "functions": [],
    "entities": [],
    "biomes": [],
    "damageTypes": [],
    "name": "tonic_ingredients",
    "namespace": "forge"
  }
}