{
  "_fv": 60,
  "_type": "achievement",
  "definition": {
    "achievementName": "I Am The Cure",
    "achievementDescription": "Drink a Tonic of Purifying",
    "achievementIcon": {
      "value": "CUSTOM:FTTPurifyingTonic"
    },
    "background": "Default",
    "disableDisplay": false,
    "showPopup": true,
    "announceToChat": true,
    "hideIfNotCompleted": false,
    "rewardLoot": [],
    "rewardRecipes": [],
    "rewardFunction": "No function",
    "rewardXP": 0,
    "achievementType": "goal",
    "parent": {
      "value": "CUSTOM:FloralTonicsAndTincturesAdvancement"
    },
    "triggerxml": "<?xml version=\"1.0\" encoding=\"UTF-8\" standalone=\"no\"?><xml xmlns=\"https://developers.google.com/blockly/xml\"><block deletable=\"false\" type=\"advancement_trigger\" x=\"40\" y=\"80\"><next><block type=\"item_consumed\" x=\"113\" y=\"145\"><value name=\"item\"><block type=\"mcitem_all\"><field name=\"value\">CUSTOM:FTTPurifyingTonic</field></block></value></block></next></block></xml>"
  }
}