{
  "_fv": 60,
  "_type": "recipe",
  "definition": {
    "recipeType": "Crafting",
    "recipeRetstackSize": 1,
    "group": "",
    "cookingBookCategory": "MISC",
    "xpReward": 0.0,
    "cookingTime": 200,
    "craftingBookCategory": "MISC",
    "recipeShapeless": true,
    "recipeSlots": [
      {
        "value": "Items.GUNPOWDER"
      },
      {
        "value": "Items.STRING"
      },
      {
        "value": ""
      },
      {
        "value": "CUSTOM:HerbalismKit"
      },
      {
        "value": "CUSTOM:FTTIntoxicationTincture"
      },
      {
        "value": ""
      },
      {
        "value": ""
      },
      {
        "value": ""
      },
      {
        "value": ""
      }
    ],
    "recipeReturnStack": {
      "value": "CUSTOM:HerbalismTable"
    },
    "name": "ftt_intoxicating_bomb_recipe",
    "namespace": "mod"
  }
}