{
  "_fv": 60,
  "_type": "gui",
  "definition": {
    "type": 1,
    "width": 176,
    "height": 166,
    "inventoryOffsetX": 0,
    "inventoryOffsetY": 0,
    "renderBgLayer": true,
    "doesPauseGame": false,
    "components": [
      {
        "type": "inputslot",
        "data": {
          "inputLimit": {
            "value": ""
          },
          "disablePlacement": {
            "fixedValue": false
          },
          "id": 19,
          "disablePickup": {
            "fixedValue": false
          },
          "dropItemsWhenNotBound": true,
          "x": 133,
          "y": 62
        }
      },
      {
        "type": "label",
        "data": {
          "name": "label_herbalism_table",
          "text": {
            "fixedValue": "Herbalism Table"
          },
          "color": {
            "value": -12829636,
            "falpha": 0.0
          },
          "x": 130,
          "y": 42
        }
      },
      {
        "type": "label",
        "data": {
          "name": "label_inventory",
          "text": {
            "fixedValue": "Inventory"
          },
          "color": {
            "value": -12829636,
            "falpha": 0.0
          },
          "x": 133,
          "y": 109
        }
      },
      {
        "type": "image",
        "data": {
          "image": "bowl2.png",
          "use1Xscale": false,
          "x": 189,
          "y": 54
        }
      },
      {
        "type": "inputslot",
        "data": {
          "inputLimit": {
            "value": "TAG:forge:tonic_additives"
          },
          "disablePlacement": {
            "fixedValue": false
          },
          "id": 18,
          "disablePickup": {
            "fixedValue": false
          },
          "dropItemsWhenNotBound": true,
          "x": 157,
          "y": 62
        }
      },
      {
        "type": "inputslot",
        "data": {
          "inputLimit": {
            "value": "Items.GLASS_BOTTLE"
          },
          "disablePlacement": {
            "fixedValue": false
          },
          "id": 20,
          "disablePickup": {
            "fixedValue": false
          },
          "dropItemsWhenNotBound": true,
          "x": 145,
          "y": 86
        }
      },
      {
        "type": "outputslot",
        "data": {
          "id": 21,
          "disablePickup": {
            "fixedValue": false
          },
          "dropItemsWhenNotBound": false,
          "onTakenFromSlot": {
            "name": "HerbalismTableItemTakenFromOutputSlot"
          },
          "x": 265,
          "y": 73
        }
      },
      {
        "type": "image",
        "data": {
          "image": "arrow.png",
          "use1Xscale": true,
          "x": 243,
          "y": 73
        }
      },
      {
        "type": "image",
        "data": {
          "image": "arrow.png",
          "use1Xscale": true,
          "x": 177,
          "y": 72
        }
      },
      {
        "type": "image",
        "data": {
          "image": "bottle.png",
          "use1Xscale": false,
          "displayCondition": {
            "name": "BottleIconGUIDisplay"
          },
          "x": 146,
          "y": 88
        }
      }
    ],
    "onTick": {
      "name": "HerbalismTableGUIWhileThisGUIIsOpenTick"
    },
    "gridSettings": {
      "sx": 18,
      "sy": 18,
      "ox": 11,
      "oy": 15,
      "snapOnGrid": false
    }
  }
}