{
  "_fv": 60,
  "_type": "recipe",
  "definition": {
    "recipeType": "Crafting",
    "recipeRetstackSize": 1,
    "group": "",
    "cookingBookCategory": "MISC",
    "xpReward": 0.0,
    "cookingTime": 200,
    "craftingBookCategory": "MISC",
    "recipeShapeless": false,
    "recipeSlots": [
      {
        "value": "Items.STRING"
      },
      {
        "value": "Items.GOLD_INGOT"
      },
      {
        "value": "Items.STRING"
      },
      {
        "value": "Items.LEATHER"
      },
      {
        "value": "CUSTOM:HerbalismTable"
      },
      {
        "value": "Items.LEATHER"
      },
      {
        "value": "Items.LEATHER"
      },
      {
        "value": "Items.LEATHER"
      },
      {
        "value": "Items.LEATHER"
      }
    ],
    "recipeReturnStack": {
      "value": "CUSTOM:HerbalismKit"
    },
    "name": "herbalism_kit_recipe",
    "namespace": "mod"
  }
}