{
  "_fv": 60,
  "_type": "recipe",
  "definition": {
    "recipeType": "Brewing",
    "recipeRetstackSize": 1,
    "group": "",
    "cookingBookCategory": "MISC",
    "xpReward": 0.0,
    "cookingTime": 200,
    "craftingBookCategory": "MISC",
    "recipeShapeless": false,
    "brewingInputStack": {
      "value": "POTION:AWKWARD"
    },
    "brewingIngredientStack": {
      "value": "Blocks.WARPED_FUNGUS"
    },
    "brewingReturnStack": {
      "value": "POTION:CUSTOM:Nausea"
    },
    "name": "nausea_potion",
    "namespace": "mod"
  }
}