{
  "display": {
    "icon": {
      "item": "floral_tonics_and_tinctures:ftt_glowing_tonic"
    },
    "title": {
      "translate": "advancements.drink_glow_advancement.title"
    },
    "description": {
      "translate": "advancements.drink_glow_advancement.descr"
    },
    "frame": "goal",
    "show_toast": true,
    "announce_to_chat": true,
    "hidden": false
  },
  "criteria": {
    "drink_glow_advancement_0": {
      "trigger": "minecraft:consume_item",
      "conditions": {
        "item": {
          "items": [
            "floral_tonics_and_tinctures:ftt_glowing_tonic"
          ]
        }
      }
    }
  },
  "parent": "floral_tonics_and_tinctures:floral_tonics_and_tinctures_advancement"
}