{
  "display": {
    "icon": {
      "item": "floral_tonics_and_tinctures:herbalism_kit"
    },
    "title": {
      "translate": "advancements.herbalism_kit_get_advancement.title"
    },
    "description": {
      "translate": "advancements.herbalism_kit_get_advancement.descr"
    },
    "frame": "goal",
    "show_toast": true,
    "announce_to_chat": true,
    "hidden": false
  },
  "criteria": {
    "herbalism_kit_get_advancement_0": {
      "trigger": "minecraft:inventory_changed",
      "conditions": {
        "items": [
          {
            "items": [
              "floral_tonics_and_tinctures:herbalism_kit"
            ],
            "count": {
              "min": 1,
              "max": 1
            }
          }
        ]
      }
    }
  },
  "parent": "floral_tonics_and_tinctures:floral_tonics_and_tinctures_advancement"
}