{
  "parent": "block/cube",
  "textures": {
    "down": "floral_tonics_and_tinctures:block/herbalismtablebottom",
    "up": "floral_tonics_and_tinctures:block/herbalismtabletop",
    "north": "floral_tonics_and_tinctures:block/herbalismtableside",
    "east": "floral_tonics_and_tinctures:block/herbalismtableside",
    "south": "floral_tonics_and_tinctures:block/herbalismtableside",
    "west": "floral_tonics_and_tinctures:block/herbalismtableside",
    "particle": "floral_tonics_and_tinctures:block/herbalismtablebottom"
  },
  "render_type": "solid"
}